"Comparison","Taxa","Method","Group","LDA","P.unadj","P.adj","Significance","Taxa_clean"
"Control - Mining - Smelting - Tailing","k__Bacteria|p__Acidobacteriota|c__Acidobacteriae","LEfSe","Mining",4.70170734779134,0.000129503858386399,0.00037994577386294,"***","Bacteria | Acidobacteriota | Acidobacteriae"
"Control - Mining - Smelting - Tailing","k__Bacteria|p__Acidobacteriota|c__Acidobacteriae|o__Acidobacteriales","LEfSe","Mining",4.70170734779134,0.000129503858386399,0.00037994577386294,"***","Bacteria | Acidobacteriota | Acidobacteriae | Acidobacteriales"
"Control - Mining - Smelting - Tailing","k__Bacteria|p__Acidobacteriota","LEfSe","Mining",4.67919231275044,0.000197735143110378,0.00037994577386294,"***","Bacteria | Acidobacteriota"
"Control - Mining - Smelting - Tailing","k__Bacteria|p__Acidobacteriota|c__Acidobacteriae|o__Acidobacteriales|f__Acidobacteriaceae","LEfSe","Mining",4.66892613530753,0.000189729147516393,0.00037994577386294,"***","Bacteria | Acidobacteriota | Acidobacteriae | Acidobacteriales | Acidobacteriaceae"
"Control - Mining - Smelting - Tailing","k__Bacteria|p__Acidobacteriota|c__Acidobacteriae|o__Acidobacteriales|f__Acidobacteriaceae|g__Acidipila","LEfSe","Mining",4.66892613530753,0.000189729147516393,0.00037994577386294,"***","Bacteria | Acidobacteriota | Acidobacteriae | Acidobacteriales | Acidobacteriaceae | Acidipila"
"Control - Mining - Smelting - Tailing","k__Bacteria|p__Methylomirabilota|c__Methylomirabilia","LEfSe","Control",4.65468320556207,0.000305511966530376,0.000445538284523464,"***","Bacteria | Methylomirabilota | Methylomirabilia"
"Control - Mining - Smelting - Tailing","k__Bacteria|p__Methylomirabilota","LEfSe","Control",4.65468320556207,0.000305511966530376,0.000445538284523464,"***","Bacteria | Methylomirabilota"
"Control - Mining - Smelting - Tailing","k__Bacteria|p__Methylomirabilota|c__Methylomirabilia|o__Methylomirabilales","LEfSe","Control",4.65468320556207,0.000305511966530376,0.000445538284523464,"***","Bacteria | Methylomirabilota | Methylomirabilia | Methylomirabilales"
"Control - Mining - Smelting - Tailing","k__Bacteria|p__Methylomirabilota|c__Methylomirabilia|o__Methylomirabilales|f__Methylomirabilaceae","LEfSe","Control",4.65468320556207,0.000305511966530376,0.000445538284523464,"***","Bacteria | Methylomirabilota | Methylomirabilia | Methylomirabilales | Methylomirabilaceae"
"Control - Mining - Smelting - Tailing","k__Bacteria|p__Methylomirabilota|c__Methylomirabilia|o__Methylomirabilales|f__Methylomirabilaceae|g__Methylomirabilis","LEfSe","Control",4.65468320556207,0.000305511966530376,0.000445538284523464,"***","Bacteria | Methylomirabilota | Methylomirabilia | Methylomirabilales | Methylomirabilaceae | Methylomirabilis"
"Control - Mining - Smelting - Tailing","k__Bacteria|p__Bacteroidota|c__Bacteroidia|o__Flavobacteriales","LEfSe","Tailing",4.6379840885002,0.000197735143110378,0.00037994577386294,"***","Bacteria | Bacteroidota | Bacteroidia | Flavobacteriales"
"Control - Mining - Smelting - Tailing","k__Bacteria|p__Bacteroidota|c__Bacteroidia|o__Flavobacteriales|f__Flavobacteriaceae","LEfSe","Tailing",4.6379840885002,0.000197735143110378,0.00037994577386294,"***","Bacteria | Bacteroidota | Bacteroidia | Flavobacteriales | Flavobacteriaceae"
"Control - Mining - Smelting - Tailing","k__Bacteria|p__Bacteroidota|c__Bacteroidia|o__Flavobacteriales|f__Flavobacteriaceae|g__Flavobacterium","LEfSe","Tailing",4.6379840885002,0.000197735143110378,0.00037994577386294,"***","Bacteria | Bacteroidota | Bacteroidia | Flavobacteriales | Flavobacteriaceae | Flavobacterium"
"Control - Mining - Smelting - Tailing","k__Bacteria|p__Actinobacteriota|c__Actinomycetia","LEfSe","Smelting",4.63095512276962,0.000118830365898211,0.00037994577386294,"***","Bacteria | Actinobacteriota | Actinomycetia"
"Control - Mining - Smelting - Tailing","k__Bacteria|p__Actinobacteriota|c__Thermoleophilia","LEfSe","Control",4.62796456281196,0.000180891606678217,0.00037994577386294,"***","Bacteria | Actinobacteriota | Thermoleophilia"
"Control - Mining - Smelting - Tailing","k__Bacteria|p__Bacteroidota","LEfSe","Tailing",4.62029399698712,7.90046165867986e-05,0.00037994577386294,"***","Bacteria | Bacteroidota"
"Control - Mining - Smelting - Tailing","k__Bacteria|p__Actinobacteriota|c__Actinomycetia|o__Micrococcales","LEfSe","Smelting",4.61245983991248,0.000129503858386398,0.00037994577386294,"***","Bacteria | Actinobacteriota | Actinomycetia | Micrococcales"
"Control - Mining - Smelting - Tailing","k__Bacteria|p__Actinobacteriota|c__Actinomycetia|o__Micrococcales|f__Micrococcaceae","LEfSe","Smelting",4.61245983991248,0.000129503858386398,0.00037994577386294,"***","Bacteria | Actinobacteriota | Actinomycetia | Micrococcales | Micrococcaceae"
"Control - Mining - Smelting - Tailing","k__Bacteria|p__Actinobacteriota|c__Actinomycetia|o__Micrococcales|f__Micrococcaceae|g__Arthrobacter","LEfSe","Smelting",4.61245983991248,0.000129503858386398,0.00037994577386294,"***","Bacteria | Actinobacteriota | Actinomycetia | Micrococcales | Micrococcaceae | Arthrobacter"
"Control - Mining - Smelting - Tailing","k__Bacteria|p__Bacillota|c__Clostridia","LEfSe","Smelting",4.6118942509774,7.90046165867986e-05,0.00037994577386294,"***","Bacteria | Bacillota | Clostridia"
"Control - Mining - Smelting - Tailing","k__Bacteria|p__Chloroflexi|c__Thermomicrobia","LEfSe","Mining",4.61019706252691,0.000140235666560842,0.00037994577386294,"***","Bacteria | Chloroflexi | Thermomicrobia"
"Control - Mining - Smelting - Tailing","k__Bacteria|p__Chloroflexi|c__Thermomicrobia|o__Thermomicrobiales","LEfSe","Mining",4.61019706252691,0.000140235666560842,0.00037994577386294,"***","Bacteria | Chloroflexi | Thermomicrobia | Thermomicrobiales"
"Control - Mining - Smelting - Tailing","k__Bacteria|p__Chloroflexi|c__Thermomicrobia|o__Thermomicrobiales|f__Thermomicrobiaceae","LEfSe","Mining",4.61019706252691,0.000140235666560842,0.00037994577386294,"***","Bacteria | Chloroflexi | Thermomicrobia | Thermomicrobiales | Thermomicrobiaceae"
"Control - Mining - Smelting - Tailing","k__Bacteria|p__Chloroflexi|c__Thermomicrobia|o__Thermomicrobiales|f__Thermomicrobiaceae|g__Thermomicrobium","LEfSe","Mining",4.61019706252691,0.000140235666560842,0.00037994577386294,"***","Bacteria | Chloroflexi | Thermomicrobia | Thermomicrobiales | Thermomicrobiaceae | Thermomicrobium"
"Control - Mining - Smelting - Tailing","k__Bacteria|p__Gemmatimonadota","LEfSe","Smelting",4.60968908859834,7.90046165867986e-05,0.00037994577386294,"***","Bacteria | Gemmatimonadota"
"Control - Mining - Smelting - Tailing","k__Bacteria|p__Gemmatimonadota|c__Gemmatimonadetes","LEfSe","Smelting",4.60968908859834,7.90046165867986e-05,0.00037994577386294,"***","Bacteria | Gemmatimonadota | Gemmatimonadetes"
"Control - Mining - Smelting - Tailing","k__Bacteria|p__Gemmatimonadota|c__Gemmatimonadetes|o__Gemmatimonadales","LEfSe","Smelting",4.6084913710213,0.000189729147516392,0.00037994577386294,"***","Bacteria | Gemmatimonadota | Gemmatimonadetes | Gemmatimonadales"
"Control - Mining - Smelting - Tailing","k__Bacteria|p__Gemmatimonadota|c__Gemmatimonadetes|o__Gemmatimonadales|f__Gemmatimonadaceae","LEfSe","Smelting",4.6084913710213,0.000189729147516392,0.00037994577386294,"***","Bacteria | Gemmatimonadota | Gemmatimonadetes | Gemmatimonadales | Gemmatimonadaceae"
"Control - Mining - Smelting - Tailing","k__Bacteria|p__Gemmatimonadota|c__Gemmatimonadetes|o__Gemmatimonadales|f__Gemmatimonadaceae|g__Gemmatimonas","LEfSe","Smelting",4.6084913710213,0.000189729147516392,0.00037994577386294,"***","Bacteria | Gemmatimonadota | Gemmatimonadetes | Gemmatimonadales | Gemmatimonadaceae | Gemmatimonas"
"Control - Mining - Smelting - Tailing","k__Bacteria|p__Bacteroidota|c__Bacteroidia","LEfSe","Tailing",4.60563848572747,7.90046165867986e-05,0.00037994577386294,"***","Bacteria | Bacteroidota | Bacteroidia"
"Control - Mining - Smelting - Tailing","k__Bacteria|p__Actinobacteriota|c__Thermoleophilia|o__Solirubrobacterales","LEfSe","Control",4.5964618050106,0.000122287123468978,0.00037994577386294,"***","Bacteria | Actinobacteriota | Thermoleophilia | Solirubrobacterales"
"Control - Mining - Smelting - Tailing","k__Bacteria|p__Actinobacteriota|c__Thermoleophilia|o__Solirubrobacterales|f__Solirubrobacteraceae","LEfSe","Control",4.5964618050106,0.000122287123468978,0.00037994577386294,"***","Bacteria | Actinobacteriota | Thermoleophilia | Solirubrobacterales | Solirubrobacteraceae"
"Control - Mining - Smelting - Tailing","k__Bacteria|p__Actinobacteriota|c__Thermoleophilia|o__Solirubrobacterales|f__Solirubrobacteraceae|g__Solirubrobacter","LEfSe","Control",4.5964618050106,0.000122287123468978,0.00037994577386294,"***","Bacteria | Actinobacteriota | Thermoleophilia | Solirubrobacterales | Solirubrobacteraceae | Solirubrobacter"
"Control - Mining - Smelting - Tailing","k__Bacteria|p__Bacillota|c__Clostridia|o__Clostridiales","LEfSe","Smelting",4.5945157184331,0.000108340244021964,0.00037994577386294,"***","Bacteria | Bacillota | Clostridia | Clostridiales"
"Control - Mining - Smelting - Tailing","k__Bacteria|p__Bacillota|c__Clostridia|o__Clostridiales|f__Clostridiaceae","LEfSe","Smelting",4.5945157184331,0.000108340244021964,0.00037994577386294,"***","Bacteria | Bacillota | Clostridia | Clostridiales | Clostridiaceae"
"Control - Mining - Smelting - Tailing","k__Bacteria|p__Bacillota|c__Clostridia|o__Clostridiales|f__Clostridiaceae|g__Clostridium","LEfSe","Smelting",4.5945157184331,0.000108340244021964,0.00037994577386294,"***","Bacteria | Bacillota | Clostridia | Clostridiales | Clostridiaceae | Clostridium"
"Control - Mining - Smelting - Tailing","k__Bacteria|p__Pseudomonadota|c__Gammaproteobacteria","LEfSe","Smelting",4.59260757390855,7.90046165867986e-05,0.00037994577386294,"***","Bacteria | Pseudomonadota | Gammaproteobacteria"
"Control - Mining - Smelting - Tailing","k__Bacteria|p__Pseudomonadota|c__Alphaproteobacteria|o__Sphingomonadales","LEfSe","Tailing",4.58932917367567,0.000118830365898211,0.00037994577386294,"***","Bacteria | Pseudomonadota | Alphaproteobacteria | Sphingomonadales"
"Control - Mining - Smelting - Tailing","k__Bacteria|p__Pseudomonadota|c__Alphaproteobacteria|o__Sphingomonadales|f__Sphingomonadaceae","LEfSe","Tailing",4.58932917367567,0.000118830365898211,0.00037994577386294,"***","Bacteria | Pseudomonadota | Alphaproteobacteria | Sphingomonadales | Sphingomonadaceae"
"Control - Mining - Smelting - Tailing","k__Bacteria|p__Pseudomonadota|c__Alphaproteobacteria|o__Sphingomonadales|f__Sphingomonadaceae|g__Sphingomonas","LEfSe","Tailing",4.58932917367567,0.000118830365898211,0.00037994577386294,"***","Bacteria | Pseudomonadota | Alphaproteobacteria | Sphingomonadales | Sphingomonadaceae | Sphingomonas"
"Control - Mining - Smelting - Tailing","k__Bacteria|p__Pseudomonadota|c__Gammaproteobacteria|o__Burkholderiales","LEfSe","Smelting",4.58653961792888,0.000171370136948635,0.00037994577386294,"***","Bacteria | Pseudomonadota | Gammaproteobacteria | Burkholderiales"
"Control - Mining - Smelting - Tailing","k__Bacteria|p__Pseudomonadota|c__Gammaproteobacteria|o__Burkholderiales|f__Comamonadaceae","LEfSe","Smelting",4.58653961792888,0.000171370136948635,0.00037994577386294,"***","Bacteria | Pseudomonadota | Gammaproteobacteria | Burkholderiales | Comamonadaceae"
"Control - Mining - Smelting - Tailing","k__Bacteria|p__Pseudomonadota|c__Gammaproteobacteria|o__Burkholderiales|f__Comamonadaceae|g__Cupriavidus","LEfSe","Smelting",4.58653961792888,0.000171370136948635,0.00037994577386294,"***","Bacteria | Pseudomonadota | Gammaproteobacteria | Burkholderiales | Comamonadaceae | Cupriavidus"
"Control - Mining - Smelting - Tailing","k__Bacteria|p__Chloroflexi|c__Anaerolineae","LEfSe","Control",4.58561085008099,0.000659311750972992,0.000932360051880999,"***","Bacteria | Chloroflexi | Anaerolineae"
"Control - Mining - Smelting - Tailing","k__Bacteria|p__Chloroflexi|c__Anaerolineae|o__Anaerolineales","LEfSe","Control",4.58561085008099,0.000659311750972992,0.000932360051880999,"***","Bacteria | Chloroflexi | Anaerolineae | Anaerolineales"
"Control - Mining - Smelting - Tailing","k__Bacteria|p__Chloroflexi|c__Anaerolineae|o__Anaerolineales|f__Caldilineaceae","LEfSe","Control",4.58338950610138,0.00102854257682808,0.00142570258174189,"**","Bacteria | Chloroflexi | Anaerolineae | Anaerolineales | Caldilineaceae"
"Control - Mining - Smelting - Tailing","k__Bacteria|p__Chloroflexi|c__Anaerolineae|o__Anaerolineales|f__Caldilineaceae|g__Caldilinea","LEfSe","Control",4.58338950610138,0.00102854257682808,0.00142570258174189,"**","Bacteria | Chloroflexi | Anaerolineae | Anaerolineales | Caldilineaceae | Caldilinea"
"Control - Mining - Smelting - Tailing","k__Bacteria|p__Actinobacteriota|c__Thermoleophilia|o__Gaiellales","LEfSe","Tailing",4.57921390547913,0.000118830365898211,0.00037994577386294,"***","Bacteria | Actinobacteriota | Thermoleophilia | Gaiellales"
"Control - Mining - Smelting - Tailing","k__Bacteria|p__Actinobacteriota|c__Thermoleophilia|o__Gaiellales|f__Gaiellaceae","LEfSe","Tailing",4.57921390547913,0.000118830365898211,0.00037994577386294,"***","Bacteria | Actinobacteriota | Thermoleophilia | Gaiellales | Gaiellaceae"
"Control - Mining - Smelting - Tailing","k__Bacteria|p__Actinobacteriota|c__Thermoleophilia|o__Gaiellales|f__Gaiellaceae|g__Gaiella","LEfSe","Tailing",4.57921390547913,0.000118830365898211,0.00037994577386294,"***","Bacteria | Actinobacteriota | Thermoleophilia | Gaiellales | Gaiellaceae | Gaiella"
"Control - Mining - Smelting - Tailing","k__Bacteria|p__Pseudomonadota|c__Alphaproteobacteria","LEfSe","Tailing",4.57093922179979,0.000180891606678216,0.00037994577386294,"***","Bacteria | Pseudomonadota | Alphaproteobacteria"
"Control - Mining - Smelting - Tailing","k__Bacteria|p__Pseudomonadota|c__Alphaproteobacteria|o__Rhodospirillales","LEfSe","Mining",4.56884572015989,0.000118830365898212,0.00037994577386294,"***","Bacteria | Pseudomonadota | Alphaproteobacteria | Rhodospirillales"
"Control - Mining - Smelting - Tailing","k__Bacteria|p__Pseudomonadota|c__Alphaproteobacteria|o__Rhodospirillales|f__Acetobacteraceae","LEfSe","Mining",4.56884572015989,0.000118830365898212,0.00037994577386294,"***","Bacteria | Pseudomonadota | Alphaproteobacteria | Rhodospirillales | Acetobacteraceae"
"Control - Mining - Smelting - Tailing","k__Bacteria|p__Pseudomonadota|c__Alphaproteobacteria|o__Rhodospirillales|f__Acetobacteraceae|g__Acidocella","LEfSe","Mining",4.56884572015989,0.000118830365898212,0.00037994577386294,"***","Bacteria | Pseudomonadota | Alphaproteobacteria | Rhodospirillales | Acetobacteraceae | Acidocella"
"Control - Mining - Smelting - Tailing","k__Bacteria|p__Chloroflexi","LEfSe","Control",4.56865047714195,0.000218903646184708,0.00037994577386294,"***","Bacteria | Chloroflexi"
"Control - Mining - Smelting - Tailing","k__Bacteria|p__Acidobacteriota|c__Vicinamibacteria","LEfSe","Control",4.5595620807212,0.00025576716728743,0.000393487949672969,"***","Bacteria | Acidobacteriota | Vicinamibacteria"
"Control - Mining - Smelting - Tailing","k__Bacteria|p__Acidobacteriota|c__Vicinamibacteria|o__Vicinamibacterales","LEfSe","Control",4.5595620807212,0.00025576716728743,0.000393487949672969,"***","Bacteria | Acidobacteriota | Vicinamibacteria | Vicinamibacterales"
"Control - Mining - Smelting - Tailing","k__Bacteria|p__Acidobacteriota|c__Vicinamibacteria|o__Vicinamibacterales|f__Vicinamibacteraceae","LEfSe","Control",4.5595620807212,0.00025576716728743,0.000393487949672969,"***","Bacteria | Acidobacteriota | Vicinamibacteria | Vicinamibacterales | Vicinamibacteraceae"
"Control - Mining - Smelting - Tailing","k__Bacteria|p__Acidobacteriota|c__Vicinamibacteria|o__Vicinamibacterales|f__Vicinamibacteraceae|g__Vicinamibacter","LEfSe","Control",4.5595620807212,0.00025576716728743,0.000393487949672969,"***","Bacteria | Acidobacteriota | Vicinamibacteria | Vicinamibacterales | Vicinamibacteraceae | Vicinamibacter"
"Control - Mining - Smelting - Tailing","k__Bacteria|p__Bacteroidota|c__Bacteroidia|o__Cytophagales","LEfSe","Smelting",4.52354308875258,0.000108340244021964,0.00037994577386294,"***","Bacteria | Bacteroidota | Bacteroidia | Cytophagales"
"Control - Mining - Smelting - Tailing","k__Bacteria|p__Bacteroidota|c__Bacteroidia|o__Cytophagales|f__Cytophagaceae","LEfSe","Smelting",4.52354308875258,0.000108340244021964,0.00037994577386294,"***","Bacteria | Bacteroidota | Bacteroidia | Cytophagales | Cytophagaceae"
"Control - Mining - Smelting - Tailing","k__Bacteria|p__Bacteroidota|c__Bacteroidia|o__Cytophagales|f__Cytophagaceae|g__Cytophaga","LEfSe","Smelting",4.52354308875258,0.000108340244021964,0.00037994577386294,"***","Bacteria | Bacteroidota | Bacteroidia | Cytophagales | Cytophagaceae | Cytophaga"
"Control - Mining - Smelting - Tailing","k__Bacteria|p__Actinobacteriota|c__Actinomycetia|o__Streptomycetales","LEfSe","Mining",4.49411771866575,0.000189729147516393,0.00037994577386294,"***","Bacteria | Actinobacteriota | Actinomycetia | Streptomycetales"
"Control - Mining - Smelting - Tailing","k__Bacteria|p__Actinobacteriota|c__Actinomycetia|o__Streptomycetales|f__Streptomycetaceae","LEfSe","Mining",4.49411771866575,0.000189729147516393,0.00037994577386294,"***","Bacteria | Actinobacteriota | Actinomycetia | Streptomycetales | Streptomycetaceae"
"Control - Mining - Smelting - Tailing","k__Bacteria|p__Actinobacteriota|c__Actinomycetia|o__Streptomycetales|f__Streptomycetaceae|g__Streptomyces","LEfSe","Mining",4.49411771866575,0.000189729147516393,0.00037994577386294,"***","Bacteria | Actinobacteriota | Actinomycetia | Streptomycetales | Streptomycetaceae | Streptomyces"
"Control - Mining - Smelting - Tailing","k__Bacteria|p__Bacteroidota|c__Bacteroidia|o__Sphingobacteriales","LEfSe","Mining",4.48405038168442,0.000215453219046634,0.00037994577386294,"***","Bacteria | Bacteroidota | Bacteroidia | Sphingobacteriales"
"Control - Mining - Smelting - Tailing","k__Bacteria|p__Bacteroidota|c__Bacteroidia|o__Sphingobacteriales|f__Sphingobacteriaceae","LEfSe","Mining",4.48405038168442,0.000215453219046634,0.00037994577386294,"***","Bacteria | Bacteroidota | Bacteroidia | Sphingobacteriales | Sphingobacteriaceae"
"Control - Mining - Smelting - Tailing","k__Bacteria|p__Bacteroidota|c__Bacteroidia|o__Sphingobacteriales|f__Sphingobacteriaceae|g__Pedobacter","LEfSe","Mining",4.48405038168442,0.000215453219046634,0.00037994577386294,"***","Bacteria | Bacteroidota | Bacteroidia | Sphingobacteriales | Sphingobacteriaceae | Pedobacter"
"Control - Mining - Smelting - Tailing","k__Bacteria|p__Bacillota|c__Bacilli|o__Lactobacillales","LEfSe","Mining",4.4814997321843,0.000161317777545338,0.00037994577386294,"***","Bacteria | Bacillota | Bacilli | Lactobacillales"
"Control - Mining - Smelting - Tailing","k__Bacteria|p__Bacillota|c__Bacilli|o__Lactobacillales|f__Lactobacillaceae|g__Lactobacillus","LEfSe","Mining",4.4814997321843,0.000161317777545338,0.00037994577386294,"***","Bacteria | Bacillota | Bacilli | Lactobacillales | Lactobacillaceae | Lactobacillus"
"Control - Mining - Smelting - Tailing","k__Bacteria|p__Bacillota|c__Bacilli|o__Lactobacillales|f__Lactobacillaceae","LEfSe","Mining",4.48149973218429,0.000161317777545338,0.00037994577386294,"***","Bacteria | Bacillota | Bacilli | Lactobacillales | Lactobacillaceae"
"Control - Mining - Smelting - Tailing","k__Bacteria|p__Acidobacteriota|c__Acidobacteriae|o__Acidobacteriales|f__Terriglobaceae","LEfSe","Smelting",4.48010025228839,0.000129503858386398,0.00037994577386294,"***","Bacteria | Acidobacteriota | Acidobacteriae | Acidobacteriales | Terriglobaceae"
"Control - Mining - Smelting - Tailing","k__Bacteria|p__Acidobacteriota|c__Acidobacteriae|o__Acidobacteriales|f__Terriglobaceae|g__Terriglobus","LEfSe","Smelting",4.48010025228839,0.000129503858386398,0.00037994577386294,"***","Bacteria | Acidobacteriota | Acidobacteriae | Acidobacteriales | Terriglobaceae | Terriglobus"
"Control - Mining - Smelting - Tailing","k__Bacteria|p__Chloroflexi|c__Ktedonobacteria","LEfSe","Tailing",4.47659834547712,0.000238508492687438,0.000383806769841854,"***","Bacteria | Chloroflexi | Ktedonobacteria"
"Control - Mining - Smelting - Tailing","k__Bacteria|p__Chloroflexi|c__Ktedonobacteria|o__Ktedonobacterales","LEfSe","Tailing",4.47659834547712,0.000238508492687438,0.000383806769841854,"***","Bacteria | Chloroflexi | Ktedonobacteria | Ktedonobacterales"
"Control - Mining - Smelting - Tailing","k__Bacteria|p__Chloroflexi|c__Ktedonobacteria|o__Ktedonobacterales|f__Ktedonobacteraceae","LEfSe","Tailing",4.47659834547712,0.000238508492687438,0.000383806769841854,"***","Bacteria | Chloroflexi | Ktedonobacteria | Ktedonobacterales | Ktedonobacteraceae"
"Control - Mining - Smelting - Tailing","k__Bacteria|p__Chloroflexi|c__Ktedonobacteria|o__Ktedonobacterales|f__Ktedonobacteraceae|g__Ktedonobacter","LEfSe","Tailing",4.47659834547712,0.000238508492687438,0.000383806769841854,"***","Bacteria | Chloroflexi | Ktedonobacteria | Ktedonobacterales | Ktedonobacteraceae | Ktedonobacter"
"Control - Mining - Smelting - Tailing","k__Bacteria|p__Bacillota","LEfSe","Smelting",4.46423626818057,7.90046165867986e-05,0.00037994577386294,"***","Bacteria | Bacillota"
"Control - Mining - Smelting - Tailing","k__Bacteria|p__Pseudomonadota|c__Betaproteobacteria","LEfSe","Control",4.45507224417205,0.000218903646184708,0.00037994577386294,"***","Bacteria | Pseudomonadota | Betaproteobacteria"
"Control - Mining - Smelting - Tailing","k__Bacteria|p__Pseudomonadota|c__Betaproteobacteria|o__Nitrosomonadales","LEfSe","Control",4.45507224417205,0.000218903646184708,0.00037994577386294,"***","Bacteria | Pseudomonadota | Betaproteobacteria | Nitrosomonadales"
"Control - Mining - Smelting - Tailing","k__Bacteria|p__Pseudomonadota|c__Betaproteobacteria|o__Nitrosomonadales|f__Nitrosomonadaceae","LEfSe","Control",4.45507224417205,0.000218903646184708,0.00037994577386294,"***","Bacteria | Pseudomonadota | Betaproteobacteria | Nitrosomonadales | Nitrosomonadaceae"
"Control - Mining - Smelting - Tailing","k__Bacteria|p__Pseudomonadota|c__Betaproteobacteria|o__Nitrosomonadales|f__Nitrosomonadaceae|g__Nitrosomonas","LEfSe","Control",4.45507224417205,0.000218903646184708,0.00037994577386294,"***","Bacteria | Pseudomonadota | Betaproteobacteria | Nitrosomonadales | Nitrosomonadaceae | Nitrosomonas"
"Control - Mining - Smelting - Tailing","k__Bacteria|p__Desulfobacterota","LEfSe","Tailing",4.45174391165125,0.000161317777545337,0.00037994577386294,"***","Bacteria | Desulfobacterota"
"Control - Mining - Smelting - Tailing","k__Bacteria|p__Desulfobacterota|c__Desulfobacteria","LEfSe","Tailing",4.45174391165125,0.000161317777545337,0.00037994577386294,"***","Bacteria | Desulfobacterota | Desulfobacteria"
"Control - Mining - Smelting - Tailing","k__Bacteria|p__Desulfobacterota|c__Desulfobacteria|o__Desulfobacterales","LEfSe","Tailing",4.45174391165125,0.000161317777545337,0.00037994577386294,"***","Bacteria | Desulfobacterota | Desulfobacteria | Desulfobacterales"
"Control - Mining - Smelting - Tailing","k__Bacteria|p__Desulfobacterota|c__Desulfobacteria|o__Desulfobacterales|f__Desulfobacteraceae","LEfSe","Tailing",4.45174391165125,0.000161317777545337,0.00037994577386294,"***","Bacteria | Desulfobacterota | Desulfobacteria | Desulfobacterales | Desulfobacteraceae"
"Control - Mining - Smelting - Tailing","k__Bacteria|p__Desulfobacterota|c__Desulfobacteria|o__Desulfobacterales|f__Desulfobacteraceae|g__Desulfobacter","LEfSe","Tailing",4.45174391165125,0.000161317777545337,0.00037994577386294,"***","Bacteria | Desulfobacterota | Desulfobacteria | Desulfobacterales | Desulfobacteraceae | Desulfobacter"
"Control - Mining - Smelting - Tailing","k__Bacteria|p__Pseudomonadota|c__Alphaproteobacteria|o__Rhizobiales","LEfSe","Control",4.44943650333525,0.000225253565933028,0.00037994577386294,"***","Bacteria | Pseudomonadota | Alphaproteobacteria | Rhizobiales"
"Control - Mining - Smelting - Tailing","k__Bacteria|p__Pseudomonadota|c__Alphaproteobacteria|o__Rhizobiales|f__Rhizobiaceae","LEfSe","Control",4.44943650333525,0.000225253565933028,0.00037994577386294,"***","Bacteria | Pseudomonadota | Alphaproteobacteria | Rhizobiales | Rhizobiaceae"
"Control - Mining - Smelting - Tailing","k__Bacteria|p__Pseudomonadota|c__Alphaproteobacteria|o__Rhizobiales|f__Rhizobiaceae|g__Bradyrhizobium","LEfSe","Control",4.44943650333525,0.000225253565933028,0.00037994577386294,"***","Bacteria | Pseudomonadota | Alphaproteobacteria | Rhizobiales | Rhizobiaceae | Bradyrhizobium"
"Control - Mining - Smelting - Tailing","k__Bacteria|p__Bacillota|c__Bacilli","LEfSe","Mining",4.42607399410393,9.81447000971133e-05,0.00037994577386294,"***","Bacteria | Bacillota | Bacilli"
"Control - Mining - Smelting - Tailing","k__Bacteria|p__Bacillota|c__Bacilli|o__Bacillales","LEfSe","Tailing",4.38363472997692,0.000204771457515859,0.00037994577386294,"***","Bacteria | Bacillota | Bacilli | Bacillales"
"Control - Mining - Smelting - Tailing","k__Bacteria|p__Bacillota|c__Bacilli|o__Bacillales|f__Paenibacillaceae","LEfSe","Tailing",4.37684737843699,0.000197735143110378,0.00037994577386294,"***","Bacteria | Bacillota | Bacilli | Bacillales | Paenibacillaceae"
"Control - Mining - Smelting - Tailing","k__Bacteria|p__Bacillota|c__Bacilli|o__Bacillales|f__Paenibacillaceae|g__Paenibacillus","LEfSe","Tailing",4.37684737843699,0.000197735143110378,0.00037994577386294,"***","Bacteria | Bacillota | Bacilli | Bacillales | Paenibacillaceae | Paenibacillus"
"Control - Mining - Smelting - Tailing","k__Bacteria|p__Pseudomonadota|c__Acidithiobacillia","LEfSe","Tailing",4.30780701187856,0.00021071336814222,0.00037994577386294,"***","Bacteria | Pseudomonadota | Acidithiobacillia"
"Control - Mining - Smelting - Tailing","k__Bacteria|p__Pseudomonadota|c__Acidithiobacillia|o__Acidithiobacillales","LEfSe","Tailing",4.30780701187856,0.00021071336814222,0.00037994577386294,"***","Bacteria | Pseudomonadota | Acidithiobacillia | Acidithiobacillales"
"Control - Mining - Smelting - Tailing","k__Bacteria|p__Pseudomonadota|c__Acidithiobacillia|o__Acidithiobacillales|f__Acidithiobacillaceae","LEfSe","Tailing",4.30780701187856,0.00021071336814222,0.00037994577386294,"***","Bacteria | Pseudomonadota | Acidithiobacillia | Acidithiobacillales | Acidithiobacillaceae"
"Control - Mining - Smelting - Tailing","k__Bacteria|p__Pseudomonadota|c__Acidithiobacillia|o__Acidithiobacillales|f__Acidithiobacillaceae|g__Acidithiobacillus","LEfSe","Tailing",4.30780701187856,0.00021071336814222,0.00037994577386294,"***","Bacteria | Pseudomonadota | Acidithiobacillia | Acidithiobacillales | Acidithiobacillaceae | Acidithiobacillus"
"Control - Mining - Smelting - Tailing","k__Bacteria|p__Pseudomonadota","LEfSe","Tailing",4.28784946560281,0.000438459311983044,0.000632827872965219,"***","Bacteria | Pseudomonadota"
"Control - Mining - Smelting - Tailing","k__Bacteria|p__Bacteroidota|c__Chitinophagia|o__Chitinophagales|f__Chitinophagaceae|g__Segetibacter","LEfSe","Tailing",4.21160378186032,0.0101467909841931,0.0125712454671419,"*","Bacteria | Bacteroidota | Chitinophagia | Chitinophagales | Chitinophagaceae | Segetibacter"
"Control - Mining - Smelting - Tailing","k__Bacteria|p__Bacillota|c__Bacilli|o__Bacillales|f__Bacillaceae","LEfSe","Control",4.17749254577666,0.000180891606678217,0.00037994577386294,"***","Bacteria | Bacillota | Bacilli | Bacillales | Bacillaceae"
"Control - Mining - Smelting - Tailing","k__Bacteria|p__Bacillota|c__Bacilli|o__Bacillales|f__Bacillaceae|g__Bacillus","LEfSe","Control",4.17749254577666,0.000180891606678217,0.00037994577386294,"***","Bacteria | Bacillota | Bacilli | Bacillales | Bacillaceae | Bacillus"
"Control - Mining - Smelting - Tailing","k__Bacteria|p__Nitrospirota|c__Nitrospiria|o__Nitrospirales","LEfSe","Tailing",3.96250741209622,0.00292335801190811,0.00375477175841408,"**","Bacteria | Nitrospirota | Nitrospiria | Nitrospirales"
"Control - Mining - Smelting - Tailing","k__Bacteria|p__Nitrospirota|c__Nitrospiria|o__Nitrospirales|f__Nitrospiraceae","LEfSe","Tailing",3.96250741209622,0.00292335801190811,0.00375477175841408,"**","Bacteria | Nitrospirota | Nitrospiria | Nitrospirales | Nitrospiraceae"
"Control - Mining - Smelting - Tailing","k__Bacteria|p__Nitrospirota","LEfSe","Tailing",3.96250741209622,0.00292335801190811,0.00375477175841408,"**","Bacteria | Nitrospirota"
"Control - Mining - Smelting - Tailing","k__Bacteria|p__Nitrospirota|c__Nitrospiria","LEfSe","Tailing",3.96250741209622,0.00292335801190811,0.00375477175841408,"**","Bacteria | Nitrospirota | Nitrospiria"
"Control - Mining - Smelting - Tailing","k__Bacteria|p__Nitrospirota|c__Nitrospiria|o__Nitrospirales|f__Nitrospiraceae|g__Nitrospira","LEfSe","Tailing",3.96250741209622,0.00292335801190811,0.00375477175841408,"**","Bacteria | Nitrospirota | Nitrospiria | Nitrospirales | Nitrospiraceae | Nitrospira"
"Control - Mining - Smelting - Tailing","k__Bacteria|p__Actinobacteriota|c__Actinomycetia|o__Propionibacteriales","LEfSe","Tailing",3.93664625909008,0.00722499791278511,0.00903124739098139,"**","Bacteria | Actinobacteriota | Actinomycetia | Propionibacteriales"
"Control - Mining - Smelting - Tailing","k__Bacteria|p__Actinobacteriota|c__Actinomycetia|o__Propionibacteriales|f__Nocardioidaceae","LEfSe","Tailing",3.93664625909008,0.00722499791278511,0.00903124739098139,"**","Bacteria | Actinobacteriota | Actinomycetia | Propionibacteriales | Nocardioidaceae"
"Control - Mining - Smelting - Tailing","k__Bacteria|p__Actinobacteriota|c__Actinomycetia|o__Propionibacteriales|f__Nocardioidaceae|g__Nocardioides","LEfSe","Tailing",3.93664625909008,0.00722499791278511,0.00903124739098139,"**","Bacteria | Actinobacteriota | Actinomycetia | Propionibacteriales | Nocardioidaceae | Nocardioides"
"Control - Mining - Smelting - Tailing","k__Bacteria|p__Actinobacteriota","LEfSe","Control",3.74469345287023,0.0177349477537282,0.0201861193944874,"*","Bacteria | Actinobacteriota"
"Control - Mining - Smelting - Tailing","k__Bacteria|p__Pseudomonadota|c__Gammaproteobacteria|o__Xanthomonadales|f__Xanthomonadaceae","LEfSe","Tailing",3.7408890991331,0.0326580085196534,0.0351701630211652,"*","Bacteria | Pseudomonadota | Gammaproteobacteria | Xanthomonadales | Xanthomonadaceae"
"Control - Mining - Smelting - Tailing","k__Bacteria|p__Pseudomonadota|c__Gammaproteobacteria|o__Xanthomonadales","LEfSe","Tailing",3.7408890991331,0.0326580085196534,0.0351701630211652,"*","Bacteria | Pseudomonadota | Gammaproteobacteria | Xanthomonadales"
"Control - Mining - Smelting - Tailing","k__Bacteria|p__Pseudomonadota|c__Gammaproteobacteria|o__Xanthomonadales|f__Xanthomonadaceae|g__Lysobacter","LEfSe","Tailing",3.7408890991331,0.0326580085196534,0.0351701630211652,"*","Bacteria | Pseudomonadota | Gammaproteobacteria | Xanthomonadales | Xanthomonadaceae | Lysobacter"
"Control - Mining - Smelting - Tailing","k__Bacteria|p__Gemmatimonadota|c__Gemmatimonadetes|o__Longimicrobiales","LEfSe","Tailing",3.65759765913313,0.0156931958113636,0.0180085853573025,"*","Bacteria | Gemmatimonadota | Gemmatimonadetes | Longimicrobiales"
"Control - Mining - Smelting - Tailing","k__Bacteria|p__Gemmatimonadota|c__Gemmatimonadetes|o__Longimicrobiales|f__Longimicrobiaceae","LEfSe","Tailing",3.65759765913313,0.0156931958113636,0.0180085853573025,"*","Bacteria | Gemmatimonadota | Gemmatimonadetes | Longimicrobiales | Longimicrobiaceae"
"Control - Mining - Smelting - Tailing","k__Bacteria|p__Gemmatimonadota|c__Gemmatimonadetes|o__Longimicrobiales|f__Longimicrobiaceae|g__Longimicrobium","LEfSe","Tailing",3.65759765913313,0.0156931958113636,0.0180085853573025,"*","Bacteria | Gemmatimonadota | Gemmatimonadetes | Longimicrobiales | Longimicrobiaceae | Longimicrobium"
"Control - Mining - Smelting - Tailing","k__Bacteria|p__Pseudomonadota|c__Gammaproteobacteria|o__Pseudomonadales","LEfSe","Tailing",3.64411194252328,0.00131465596018554,0.00176972917717284,"**","Bacteria | Pseudomonadota | Gammaproteobacteria | Pseudomonadales"
"Control - Mining - Smelting - Tailing","k__Bacteria|p__Pseudomonadota|c__Gammaproteobacteria|o__Pseudomonadales|f__Pseudomonadaceae","LEfSe","Tailing",3.64411194252328,0.00131465596018554,0.00176972917717284,"**","Bacteria | Pseudomonadota | Gammaproteobacteria | Pseudomonadales | Pseudomonadaceae"
"Control - Mining - Smelting - Tailing","k__Bacteria|p__Pseudomonadota|c__Gammaproteobacteria|o__Pseudomonadales|f__Pseudomonadaceae|g__Pseudomonas","LEfSe","Tailing",3.64411194252328,0.00131465596018554,0.00176972917717284,"**","Bacteria | Pseudomonadota | Gammaproteobacteria | Pseudomonadales | Pseudomonadaceae | Pseudomonas"
"Control - Mining - Smelting - Tailing","k__Bacteria|p__Bacillota|c__Clostridia|o__Lachnospirales","LEfSe","Tailing",3.55208827630257,0.0105938358232401,0.0127856639246002,"*","Bacteria | Bacillota | Clostridia | Lachnospirales"
"Control - Mining - Smelting - Tailing","k__Bacteria|p__Bacillota|c__Clostridia|o__Lachnospirales|f__Lachnospiraceae","LEfSe","Tailing",3.55208827630257,0.0105938358232401,0.0127856639246002,"*","Bacteria | Bacillota | Clostridia | Lachnospirales | Lachnospiraceae"
"Control - Mining - Smelting - Tailing","k__Bacteria|p__Bacillota|c__Clostridia|o__Lachnospirales|f__Lachnospiraceae|g__Anaerostipes","LEfSe","Tailing",3.55208827630257,0.0105938358232401,0.0127856639246002,"*","Bacteria | Bacillota | Clostridia | Lachnospirales | Lachnospiraceae | Anaerostipes"
"Control - Mining - Smelting - Tailing","k__Bacteria|p__Acidobacteriota|c__Blastocatellia","LEfSe","Tailing",3.50497321213093,0.0197944526561463,0.02234857557952,"*","Bacteria | Acidobacteriota | Blastocatellia"
"Control - Mining - Smelting - Tailing","k__Bacteria|p__Acidobacteriota|c__Blastocatellia|o__Blastocatellales","LEfSe","Tailing",3.49227489867628,0.0258690874355195,0.0285171042596278,"*","Bacteria | Acidobacteriota | Blastocatellia | Blastocatellales"
"Control - Mining - Smelting - Tailing","k__Bacteria|p__Acidobacteriota|c__Blastocatellia|o__Blastocatellales|f__Blastocatellaceae","LEfSe","Tailing",3.49227489867628,0.0258690874355195,0.0285171042596278,"*","Bacteria | Acidobacteriota | Blastocatellia | Blastocatellales | Blastocatellaceae"
"Control - Mining - Smelting - Tailing","k__Bacteria|p__Acidobacteriota|c__Blastocatellia|o__Blastocatellales|f__Blastocatellaceae|g__Blastocatella","LEfSe","Tailing",3.49227489867628,0.0258690874355195,0.0285171042596278,"*","Bacteria | Acidobacteriota | Blastocatellia | Blastocatellales | Blastocatellaceae | Blastocatella"
"Control - Mining - Smelting - Tailing","k__Bacteria|p__Actinobacteriota|c__Actinomycetia|o__Frankiales|f__Frankiaceae|g__Frankia","LEfSe","Tailing",3.42498810670104,0.0120547821707248,0.014182096671441,"*","Bacteria | Actinobacteriota | Actinomycetia | Frankiales | Frankiaceae | Frankia"
"Control - Mining - Smelting - Tailing","k__Bacteria|p__Actinobacteriota|c__Actinomycetia|o__Frankiales","LEfSe","Tailing",3.42498810670104,0.0120547821707248,0.014182096671441,"*","Bacteria | Actinobacteriota | Actinomycetia | Frankiales"
"Control - Mining - Smelting - Tailing","k__Bacteria|p__Actinobacteriota|c__Actinomycetia|o__Frankiales|f__Frankiaceae","LEfSe","Tailing",3.42498810670104,0.0120547821707248,0.014182096671441,"*","Bacteria | Actinobacteriota | Actinomycetia | Frankiales | Frankiaceae"
